耀,22209
涉,169118
谈,158510
伊,57453
亟,5621
洞,40989
咣,102
猢,25
悫,14
缪,2316
河,214042
临,141087
犷,437
吸,105769
娼,1961
线,544245
反,292730
牌,280182
雏,1983
姑,17039
硐,65
鳓,1
卢,17175
知,403871
除,159220
彪,5612
闹,31081
廿,511
覆,66032
辊,64
应,629182
踟,42
儡,244
皤,2
崩,6029
芬,11774
冶,6120
钸,3
骼,1501
赉,74
湟,441
跞,4
囤,1813
峨,2305
括,152769
棰,13
豳,16
滴,27913
须,137408
孽,270
鹿,10229
沉,36233
上,2333952
犍,300
后,1335447
碑,23163
餐,98215
怖,32281
蒙,41911
邡,384
砦,48
鲩,269
枯,5348
伴,75790
玷,147
逶,80
离,196358
羿,216
浈,214
壑,785
罔,943
盥,92
裱,509
号,248753
灶,6682
姻,16680
忿,173
节,425684
厌,4508
钎,140
骒,3
茗,1526
褛,144
倡,26609
熠,1991
锣,5691
稽,5492
拂,1175
豉,336
克,223669
坏,51200
鹕,236
胖,9428
几,236911
埤,35
巨,82898
赳,112
篼,109
齿,10604
舀,265
萄,15327
澉,12
挖,29783
嚣,3696
符,68271
披,19436
蜮,3
炷,157
锺,373
鼾,520
所,669767
摄,71039
灌,12953
柙,2
佞,25
兢,2131
学,1695056
翩,1591
鹨,1
臭,11410
诱,13858
践,74784
罾,36
昃,7
膂,7
标,1250795
予,131831
越,255315
琏,237
馒,1771
岔,2044
耗,24151
谟,313
匡,1154
弩,663
纨,52
洵,136
厶,1
懂,24012
配,220819
魑,23
秒,11308
菖,222
橛,12
江,417321
连,183649
癣,1131
廨,24
惬,1416
相,652036
驻,90930
好,910832
鱿,760
撅,58
溉,3174
嘎,1421
窑,6489
粕,447
或,339682
垣,2359
钥,8041
簪,186
斯,267243
澳,62649
蠲,4
夼,45
鸾,323
觇,5
仉,16
煌,13113
筐,1209
曙,3910
乞,4424
狡,989
镤,1
绩,96222
胭,214
普,194862
俳,10
雹,5356
寻,68359
侈,5644
貊,3
册,56124
缓,54913
枘,7
榜,39159
负,296294
疤,1892
樱,10140
记,910889
氵,16
趴,3312
庾,197
蹉,109
泊,15711
遍,54482
盎,1956
当,626350
叠,11883
督,197621
郢,164
嗤,242
祧,3
髦,1455
荫,3208
轳,17
酷,13093
矸,339
舄,2
榉,138
阌,4
箕,819
挚,4982
傣,454
座,119024
笪,50
梳,13119
锶,109
帼,2055
窿,590
胃,12588
案,699541
铋,104
癌,32258
飓,830
聘,50639
珥,51
秩,29029
孪,243
潲,105
诵,6360
峻,14693
螂,952
岐,5828
谛,791
溜,3997
天,944235
札,534
蚬,113
洱,2212
邸,1709
妾,218
乇,2
淆,1739
呋,129
燎,1542
晗,2501
汛,39489
觞,222
勤,48042
葫,2107
良,147419
泰,50542
陷,33764
兹,12288
综,138844
驿,6015
茄,2490
粑,1500
窕,230
戚,11116
钡,38
瘢,172
簦,15
斫,111
弼,483
臃,251
过,1329688
答,74266
噢,167
屦,2
饨,525
婪,642
蛭,86
瑶,9601
牺,9717
寿,30482
蚂,1938
誊,72
垌,181
礓,16
麒,2462
蜗,1313
丝,66179
澜,9776
吡,103
疠,16
鄣,14
昭,7091
螬,1
亲,224456
樵,1904
讴,478
瀹,1
降,236155
协,398635
绒,4243
蓖,83
俜,1
古,138223
姨,11252
柬,5754
药,199459
幽,6188
翼,15870
极,281917
耄,392
殉,1275
些,526313
愚,2508
劣,22578
缦,52
悯,738
丰,94975
贲,176
券,49822
尼,100001
郏,64
忑,876
髓,7426
艘,10972
淝,192
燥,6360
彦,11033
据,490804
煺,7
签,139016
氇,8
辆,168624
和,2810985
庐,3573
折,48425
窨,667
漱,1129
猹,1
鲼,30
宾,74971
槊,21
镍,418
偏,51036
齑,8
饕,742
湛,8644
诞,16153
因,388957
虫,17820
狸,2017
顿,46552
蜀,4661
锌,1136
刎,49
鼐,385
芙,4849
供,435143
琢,3346
枫,6031
估,57153
殳,10
谲,216
阶,98383
杀,68036
响,266208
界,380735
量,689350
廑,1
罐,13674
壕,744
拙,981
赜,110
靠,88745
呢,51956
酤,2
扮,12268
汲,3348
嗷,418
忻,756
姿,15816
蒂,15798
洇,39
看,539451
銎,4
徐,45169
蔗,1367
掘,25484
瞠,430
倥,8
娩,2784
箨,1
搭,50505
辰,11520
爹,5907
媾,31
擂,1308
狎,15
鹑,168
孓,20
胚,2797
埠,5158
铢,574
凤,37099
寨,34999
旬,27783
乱,55231
饿,5483
箍,1649
崎,3673
逐,93086
阔,19408
岣,12
焦,51621
溯,10573
贮,1160
尸,17737
炻,3
皿,535
锾,33
桀,106
俅,29
湄,3876
苇,1363
摈,177
黏,3341
凑,6388
埕,216
癔,21
淙,126
佚,157
孢,451
翥,11
鹤,9234
坪,25481
语,130778
浮,25048
僻,3361
囿,382
弥,10259
纤,8390
璨,2335
朵,11506
蚴,117
鲸,3651
喾,31
襁,175
毂,536
蕉,3416
魍,16
呓,44
觖,5
晟,2747
牧,17641
哨,3869
衫,3717
韪,138
蹯,1
惰,795
葳,254
更,586928
驷,511
糸,41
狼,7422
梁,50698
溅,1218
窍,1458
划,396361
栖,7402
渚,1054
芝,10922
搞,33439
颡,59
钩,11180
榫,277
瘪,399
谮,3
鸺,5
瞿,917
跃,40417
仅,214874
菇,5396
效,392059
筌,7
赘,973
荜,18
婢,83
绥,2747
镨,2
噪,8905
俯,2398
胱,623
击,200277
瑾,2580
侄,2914
指,445103
肆,6648
蚊,9538
完,369499
鲎,14
甓,1
堡,20780
群,348819
吩,195
昵,802
爽,11957
惆,212
奋,50396
遑,205
狒,148
陕,31280
束,73101
忤,34
郦,263
嗨,2744
雪,82208
软,53243
柴,10581
屹,1853
剽,242
殁,147
言,225616
涅,2665
谄,48
枉,2597
玑,524
儒,6113
辙,1867
膝,4377
傧,11
檫,13
脲,57
常,567428
值,267666
霾,18211
髋,519
硌,55
鳏,58
发,2613308
篡,2331
奢,10101
卦,2544
矩,20309
陨,890
啪,1226
潮,68523
菱,4928
哿,7
睾,576
莆,2856
程,638189
簏,1
醒,82636
咔,310
伙,91308
溘,47
舛,316
窠,219
鸣,23627
粤,27187
圩,3289
椭,447
侮,2464
芰,8
蒴,7
家,1903968
麸,108
乃,19280
赅,215
揆,99
蝉,2340
屏,35213
翎,627
付,148129
扛,4527
跚,521
嫠,3
峤,135
闪,14943
顷,8775
役,22285
绸,16204
兽,7933
沅,3261
蜈,171
碍,31369
倒,75280
锔,100
氚,79
肝,15007
骡,425
鲥,40
琪,9874
涯,9068
踮,187
枳,67
玻,17041
杈,157
獐,299
畔,6132
惝,1
湮,256
英,160051
究,322218
黹,1
叻,243
都,819530
百,222975
袂,1574
笋,4790
喔,338
丙,5070
茛,42
蔟,2
亮,106585
佃,149
棂,122
拆,50955
绎,9263
楗,38
俘,1225
蛞,1
照,290176
铪,5
饷,722
长,1321991
谀,150
疑,174110
缢,296
沫,6556
猪,31224
纷,110708
汀,2889
橄,2225
蛇,12170
忍,21991
嗑,500
郓,68
柝,3
形,311279
篥,6
啦,14922
遨,472
迭,3815
楮,11
杲,109
廷,12466
勿,5412
辂,5
簋,204
咐,1674
舟,17844
漭,10
躬,2811
隼,394
赁,21857
濂,333
屋,77630
镑,4464
跖,105
诚,58108
豫,8252
拴,1248
她,163638
盼,13306
沁,1994
悉,132705
锐,17125
侗,2818
氖,15
蚝,694
鲡,15
妣,7
骥,1557
垧,13
琦,6170
爪,2730
夸,6870
逾,16015
慈,42361
哑,2928
曝,29329
幢,2826
童,138151
呦,2476
烩,305
剪,11021
空,352600
灾,142442
芊,503
後,40
笏,101
焓,141
榘,8
果,499411
娥,4305
倩,6714
熨,470
渭,13939
薰,932
莴,153
豁,1911
滂,182
嵋,97
拊,4
盒,15885
敛,4774
损,104699
胞,37641
黢,121
寤,6
赫,12838
旰,11
援,99459
秸,2829
掉,53911
瞑,114
阐,10447
途,65470
挞,433
索,147711
馥,458
咧,1212
眦,39
梯,42360
吼,1839
錾,28
桄,35
扈,463
巍,5431
毙,3942
葜,1
翡,1439
坦,44434
珩,895
仫,34
敲,14465
祺,4442
闽,7173
獾,93
膊,2584
岌,704
谗,41
纠,58120
夥,2
朱,33869
蚰,4
肴,1966
骸,4729
钼,173
草,80649
懊,887
痒,3302
汗,19686
觚,7
壤,19765
韦,8414
曰,1646
艳,26776
惴,199
避,64603
梅,57518
抉,1540
茈,13
皑,628
吒,180
炕,822
渖,1
宣,212857
颥,2
喧,2932
瘦,8091
掳,401
鸶,58
瞻,6439
仁,33202
诃,476
睐,8733
乖,2648
绡,265
狩,814
蛱,10
巷,16500
髹,47
铽,1
凿,2351
牾,14
貂,364
缋,1
钒,378
斜,11787
鬣,74
利,702474
昱,1909
怵,120
庶,471
稹,69
劾,3925
蹁,29
衅,5675
艉,27
惊,55888
奏,21112
卓,15948
瓒,72
苞,1019
忠,52752
鳢,12
叨,1687
轫,306
淬,386
柰,15
命,194592
痼,698
酿,9540
退,121599
瞅,712
阄,83
弊,11812
舌,5570
踔,5
焖,955
眚,2
废,44777
挢,4
炫,6012
漪,1538
键,95213
堰,9217
粳,218
鬲,22
贾,9810
铃,6837
蛏,42
桐,6693
湔,16
兖,185
坚,230083
篝,464
查,673424
筲,98
诽,735
仿,15890
傀,167
球,334639
馆,169764
岈,2
龊,160
昏,9278
氓,816
五,301325
窜,4105
鸟,26849
悠,12944
缵,22
麴,1
改,698780
蒸,8110
呃,25
珂,1803
秆,3556
翊,284
旎,549
毒,122434
触,47500
迪,51327
独,117717
维,210826
蹿,1360
霄,2787
堆,23461
粉,60671
茌,51
褐,1007
钙,2799
骝,83
股,170136
戢,35
掷,2627
耶,7918
榻,1083
捌,140
仕,6953
镘,1
属,221556
腠,30
蝤,3
凫,210
埯,3
巳,394
恶,45389
智,168549
汾,1741
冀,15872
垄,7831
领,609151
侔,29
箜,348
涨,94387
媲,1199
樽,216
讼,41027
遁,901
啃,3501
狂,27959
际,440855
绊,1792
擎,11948
獗,1679
祛,1588
罟,13
鳞,1241
散,66081
歧,14423
称,388794
荷,20432
襻,7
轿,17632
而,366668
涕,1141
谔,104
猖,1934
媛,7387
甚,48453
辩,27173
洪,82131
倬,88
纳,147120
尴,7416
茶,69996
蔺,811
沿,63436
叁,373
嗅,1631
苋,298
橐,9
卖,133930
握,72996
日,879343
捶,301
蟹,8171
咄,780
搏,9967
逗,3537
碜,53
抠,1070
撤,27468
邬,730
垮,5332
笱,4
骰,172
妲,2895
鲴,8
椽,159
镅,2
篆,1325
乓,5659
鏖,425
桧,101
详,29620
仨,660
跪,5165
六,117545
烬,360
孱,145
鹳,271
棼,8
犁,1849
锄,793
娆,285
尊,37415
悍,1650
檑,2
冗,795
隙,4829
宛,1608
琚,67
额,190623
芡,138
玫,5482
氪,206
疯,12456
阮,3416
崴,337
憷,10
舶,10178
涿,562
廉,58305
慌,10310
藏,84240
迓,8
浔,577
剖,6690
幞,6
荠,461
蕤,59
滩,16335
轨,49921
叫,56713
郭,28846
嗯,241
扶,164386
蛹,235
摺,1
湾,133258
邂,1067
善,283297
骆,2943
很,409886
漓,2662
袒,623
掠,1543
蜣,13
斤,29958
栽,7460
烂,12484
奇,81574
鹉,810
糊,12895
聍,19
体,1271982
棒,13286
豕,36
埘,3
筛,11609
姜,11088
俨,1074
镯,874
崆,256
涑,4
谐,24785
岛,112930
产,1276920
嘬,16
犯,191815
碳,19026
娴,2577
治,673805
晌,126
苏,153898
汐,1167
啖,280
遘,1
博,181405
鹜,589
表,933849
韭,850
煮,6490
壳,11100
署,130264
捺,528
追,161105
咀,1987
搋,11
戏,84135
栓,4594
阗,35
护,378840
梨,6862
眭,97
镁,658
偃,320
濒,3673
恣,352
鑫,13845
坭,469
孵,18822
璁,51
销,241817
将,1067674
碉,453
邙,23
麝,397
蒡,26
芥,936
侧,85855
氦,157
疫,66085
横,30809
圬,14
环,428801
逮,15073
禳,26
鸲,84
嬴,75
枷,398
似,78685
殿,7008
品,988396
畀,1
祈,5152
杌,3
菏,965
呖,12
烙,1573
绝,88817
塞,42408
拥,88399
荤,614
嗫,31
可,923024
喀,6157
厄,7002
缇,453
鲆,7
妈,102330
骊,308
候,174970
熘,14
帝,20522
鬟,80
榨,2175
元,646835
盂,191
铖,227
飞,157108
镫,24
矬,30
山,555387
婵,856
阀,2959
逄,100
萌,14793
榕,2316
焚,5833
墟,3487
笞,74
让,290966
听,120467
炯,1554
窳,2
撷,166
溻,1
癀,34
鳇,1051
蛋,27581
俑,1305
桔,2254
珙,126
党,714028
囫,124
闭,54858
菹,18
任,843345
跽,3
簇,1401
馊,109
怏,75
莎,12770
匙,7937
粜,3
舣,8
谧,960
甭,68
钬,28
厮,1145
缱,40
挹,57
芸,2803
洽,11070
剃,975
痂,225
魉,18
揎,3
瑗,156
勘,12086
扣,49246
迦,680
啭,18
影,385548
绰,1340
驳,9902
磴,100
泼,7572
衿,22
需,397577
炅,483
鄄,62
帆,14808
鬈,4
蔌,3
瀚,2616
稞,503
肥,34921
株,17142
唬,884
头,373701
訾,87
着,677768
嫉,774
蟋,88
敌,15274
仑,3875
诓,48
楔,240
狙,894
做,441772
蝠,880
书,586517
铭,13612
凯,31327
牮,3977
晶,21374
苹,15101
恺,3243
猃,3
守,119494
朋,101814
颊,935
意,720415
芎,73
锗,81
则,243548
尝,29593
货,137565
莸,3
氽,38
趼,1
千,114759
嵇,222
细,138607
磊,16858
拎,2185
蹑,100
变,339117
祟,953
捣,2768
酯,1329
翰,9056
揸,5
轻,152140
淼,2046
西,529374
禁,81669
儆,311
殍,14
耐,17133
枕,4539
缚,2841
欢,106645
愦,3
未,336515
纯,35883
嘴,17836
褶,385
悻,220
础,175201
鳃,122
必,182630
嗉,14
恐,67305
蓓,1662
晔,1600
奖,238616
早,148524
士,335216
絮,2917
哳,1
韵,10090
跹,105
潺,837
菽,14
墀,25
庄,54993
栋,19827
搓,1035
莒,182
粘,4825
逛,7459
匝,2632
队,480936
谣,14709
伥,34
焱,1533
邰,158
眵,2
洹,17
挽,7649
镉,457
乏,39418
腑,944
插,17578
穗,8354
询,105175
令,108197
执,264708
共,598903
直,347034
泸,4067
拼,27272
虿,2
锈,4082
脐,3077
宗,59833
砖,20098
军,437762
怦,205
羯,101
疳,9
殷,5613
踺,5
壁,23374
祀,5964
罄,1778
哉,867
畈,708
觋,10
歌,77404
藓,234
糙,1436
滥,11155
蕨,184
髭,29
嗳,19
牲,11664
桶,15030
骂,14598
径,53067
喈,7
椋,23
漏,26678
芒,5599
初,173159
责,606034
严,313255
茧,1384
劲,33926
趸,821
人,4174154
戽,1
莼,75
鹅,8585
升,381904
益,312674
住,326299
拒,38327
浣,388
捧,11771
饫,2
镳,311
腻,5624
匆,8277
阈,647
榍,1
伎,1086
舐,75
龙,191319
力,1378277
计,628598
到,2016581
吴,48948
丸,6423
抻,47
贺,22914
巅,3256
郇,37
桌,23538
摔,9951
鹘,22
坞,4455
毡,408
柩,313
嫫,16
置,235115
煲,3061
闵,1996
迹,49182
松,93425
氏,21928
辎,40
易,272112
炜,4488
檠,1
踣,3
沤,138
耧,4
暨,27706
微,184286
猱,4
冲,85786
电,860090
钴,186
肼,100
魁,4165
假,176895
痊,917
荑,18
懒,6310
硗,42
牛,55580
瑟,3801
恧,1
磬,238
危,102157
狰,136
啵,34
瓴,616
衷,13795
突,196021
堂,85930
分,1113973
霈,112
吊,13778
与,1022801
抑,12143
撕,5991
妗,6
邝,619
喟,130
侣,7783
蚩,147
箫,397
搪,449
瞳,808
榷,561
伸,30482
嫁,8856
采,225277
诋,538
跏,10
捐,64175
给,419394
泥,32189
赤,12617
曩,4
巯,9
铵,423
能,1505949
晾,2107
宀,1
缃,16
颂,5986
钊,2472
帙,227
锟,295
涤,3414
枨,29
砭,386
爱,232420
傲,8451
琵,711
陉,717
衍,7150
祗,32
忘,36535
裢,28
慧,63630
苦,57248
靳,1191
呵,6033
痴,4401
荻,342
异,86870
箅,71
唆,877
澍,687
踌,275
斑,10684
舔,568
店,221851
香,115344
咛,205
功,243768
讥,389
挪,9035
餮,747
炳,5638
露,107727
溷,4
贶,16
抿,138
脾,4758
籀,20
寅,1070
雇,9988
凉,21457
扔,8916
孚,1732
淡,22621
闱,32
僳,129
价,496643
傈,77
二,426352
夙,576
碘,1548
蘧,1
您,27602
缭,1358
妮,6926
由,311150
钰,3045
垲,5
椹,64
朽,1793
魅,17741
酉,1046
珊,8685
槎,1594
柒,180
瑛,1379
牟,5851
档,58803
迢,859
菪,20
彭,16744
驯,1065
卵,4595
狴,2
曼,27083
艿,7
市,2111319
吆,1022
炉,21366
刊,25800
撑,44319
投,457706
茔,94
得,918474
簖,33
稚,1919
原,372928
搦,1
肩,17083
截,33082
唰,69
熳,33
防,386631
谶,96
峁,432
跋,1642
仍,128261
诏,548
磙,25
婚,101502
泡,20287
赠,37451
惩,29023
巫,2807
确,338750
铱,42
凳,3739
汶,2417
裹,8529
麂,219
宄,4
眇,5
冈,14881
洋,91259
鼗,1
堙,5
锛,14
涠,217
憨,1153
爵,3036
根,179716
绂,2
均,255402
葑,16
罗,143042
鳖,516
姘,43
畛,6
楣,433
蓦,78
呱,1360
痰,1637
轷,8
蕻,18
羁,3586
崂,281
禅,9372
圆,38681
玉,68744
谌,972
耔,3
岗,100425
编,175817
猞,13
朦,695
莩,1
纫,555
尬,8138
锲,422
叉,10023
版,108128
苓,1023
彖,2
篙,155
奚,523
卞,568
濡,733
揩,86
艨,4
筮,6
畲,976
诹,1
庀,3
稃,1
劈,999
栏,30187
窘,2156
璜,510
速,338000
萧,4807
抨,1243
隰,23
邴,27
欹,20
之,813992
赍,6
旒,14
腕,8069
嫘,520
摧,3430
鹫,335
自,1069804
兵,104737
虻,52
聿,234
暑,24939
脔,17
垛,680
砚,1126
钝,965
氢,3963
芩,173
怪,16759
地,2006224
玳,63
舾,71
壅,41
勉,8564
材,122894
站,423766
镜,35906
剞,1
满,220142
择,128023
荨,186
快,382056
右,110979
找,152861
往,240435
笃,1591
鲂,9
妄,2596
隆,36651
吝,782
推,574900
瀵,3
醴,1649
许,186013
搽,43
鹁,10
盆,13091
烊,1155
虑,72117
擒,2310
睛,15731
飚,828
嗜,969
正,648120
胪,43
饯,220
噱,1354
起,755640
腿,23909
挂,67457
邋,215
厍,6
随,136055
徕,1324
抗,74875
萘,34
溟,79
造,557299
戬,34
渴,7165
稼,1568
珍,33422
剌,84
科,591876
翕,33
幔,148
苗,68294
浞,12
凡,25896
铣,586
巩,11172
惫,2091
罪,231758
衰,12076
泳,22030
蹴,1292
狷,52
其,592671
驼,3055
绿,111154
暄,684
沈,19809
谳,85
鸿,20205
胀,7481
蛄,46
橇,247
俊,34640
寒,38069
黔,5109
蕙,909
擘,465
也,818104
酡,2
靥,86
婧,4146
糨,34
捭,149
诲,658
畹,46
醋,2451
渊,6077
底,213294
榛,141
疣,199
箧,13
芭,3666
袱,2294
椰,1092
钹,69
甸,15337
妻,58874
笼,11971
泉,48035
蹊,1831
狍,22
绕,75149
晚,258617
迟,25088
汞,507
牢,36299
荬,12
柯,9309
淳,7692
轴,9804
偶,22994
移,155116
老,507084
蘅,152
构,376090
消,412893
儋,352
羔,523
肖,16329
冠,54910
垤,28
颦,173
撮,1115
贳,2
吹,15934
精,371946
臀,1109
歇,7940
今,344670
哎,127
嫒,206
葙,2
佟,1047
燠,7
扭,11417
导,623573
侉,6
再,251414
钏,87
麓,10173
沟,60203
伞,7843
碧,10906
鸨,90
亳,457
趵,358
水,791775
瘸,312
砼,230
岿,146
旅,345847
濉,52
么,357734
赊,432
偌,262
篑,158
胗,21
潞,908
嗥,6
飧,2
烷,1761
顼,41
茁,825
技,541170
撄,5
吏,1443
辞,36372
猡,2
加,923339
醢,3
甥,1139
咤,279
缩,41228
舫,624
圹,13
晃,5296
蓄,17114
城,797832
姒,40
鳔,35
蝙,360
狠,8859
瓤,155
绨,2
蟮,3
睹,5207
闺,3342
螃,2137
怂,504
争,214288
傍,6381
砒,139
蜘,944
殛,3
涟,3781
丞,494
锤,4640
禧,1669
冷,63839
隹,4
眸,800
礼,97338
聂,3535
擅,9523
子,1165931
糕,11397
诛,449
跟,95121
哥,52686
旯,165
赴,49349
饼,17828
舁,3
掀,8615
踉,235
澈,1926
逍,961
唏,1022
箐,228
弓,2589
昙,501
栝,3
躞,4
邢,4341
琥,774
徨,432
茫,5979
暮,1133
状,138860
嘹,558
鬻,85
璺,1
纾,569
菀,90
权,477612
迈,30341
里,696661
畏,9189
柘,502
珠,73736
痤,116
鹩,11
恭,2608
蛮,5613
橱,2293
埸,23
铺,41023
黾,11
肃,51487
躇,332
钋,30
颓,933
缒,2
宕,1330
暗,24716
耘,2007
沛,4320
级,572913
崦,7
螭,41
趱,1
氰,696
讵,1
嚷,1070
旁,34737
矍,308
噌,188
酎,12
屐,85
敖,1034
保,966155
楞,443
嗡,690
睢,545
句,39534
黧,9
虬,90
拯,2387
啶,74
系,695832
卺,54
竿,3235
茅,9333
抄,7250
万,223700
霍,11393
猥,2463
墨,21645
舯,3
玺,2730
禾,4997
恃,514
苄,47
雌,1364
鳐,19
忒,98
惘,277
镡,1
瓠,66
磨,19950
杭,36529
昂,13003
辇,26
氆,7
樊,3407
鎏,272
岑,1297
馓,28
林,263197
脘,33
涛,31620
羧,8
本,905366
邹,5890
麽,18
宿,37823
担,198393
豆,23951
棉,12442
盍,2
坌,53
孔,20648
跛,143
仝,181
诟,2228
走,307799
呶,11
酸,23796
塾,568
萁,66
舅,3970
榈,933
瞌,480
匏,17
箔,572
怙,16
渝,19788
妨,9869
蔫,193
茯,803
溲,3
帽,14082
碾,3154
潇,4843
览,57180
畋,86
祓,24
廒,8
银,203409
凸,10463
漆,8939
隋,890
猎,9351
骓,4
谜,4696
唢,566
弦,5298
太,172078
搬,36390
辱,10172
爸,40001
柁,20
痍,272
秕,12
塔,46090
杖,1788
裟,74
葬,22738
惯,36446
蹰,44
瓷,19781
坶,4
绻,49
鱼,72287
悄,11120
锍,1
倏,67
娓,1273
掮,195
液,34776
匹,14233
崽,996
蛀,623
胄,152
汇,91332
铌,42
灏,3113
拘,38019
赝,284
靡,3832
酥,1718
烤,11627
仰,15043
韶,6386
搂,692
鞋,20785
栊,49
庑,23
斗,81224
带,417335
堪,14058
椴,37
喷,15881
鲽,9
情,706592
绑,16357
彐,6
磕,2073
奔,25494
晖,8250
进,1623609
恚,5
囡,221
嫩,5955
硪,6
轰,11257
毳,6
噶,255
翻,48379
者,1648370
肚,7540
垠,597
钢,55839
冤,6586
麦,23386
脯,460
沲,2
锷,230
刹,7036
鼻,16374
尽,96760
蟀,122
浇,4527
仆,2031
诈,64182
峒,606
佛,67625
陡,2388
卣,58
遥,14194
摭,14
零,66728
特,542361
司,708043
籽,2252
愆,3
朊,9
钓,9735
檗,175
谘,34
悛,8
会,2548790
舜,2072
圪,172
训,162636
昴,22
簸,1223
傻,3692
槁,25
腆,696
噔,164
胛,142
蛟,621
敞,4985
筢,3
煦,620
奶,57409
啾,101
帏,12
吓,11710
洙,1049
辚,6
挝,5759
缥,205
甩,4459
咨,46099
踯,69
涮,502
逻,24599
阿,85305
疾,77219
扇,8230
髌,71
郐,10
赙,7
拜,29306
屣,24
剧,136350
菲,43426
杵,162
闾,86
怆,120
馋,536
昊,6502
业,2658615
茜,4270
倦,2345
锨,217
侯,10648
肱,145
蚵,65
朴,15253
冻,22334
聆,2694
诗,40441
摞,712
哩,538
譬,107
濯,246
腰,16283
蝴,1667
篷,4162
幺,420
矿,41223
榀,27
踅,3
澄,6441
式,668828
逑,18
阕,26
袖,12214
氙,95
骢,362
邦,31408
褫,27
沮,929
尹,6151
纺,8171
刽,52
浃,260
迄,3788
勒,31089
淘,25329
卧,10431
痨,142
叼,347
链,68580
肇,14488
骋,1372
妍,4031
缎,475
梗,4865
抛,11875
耜,35
纣,121
莱,24197
咿,171
毁,29909
淅,703
荆,15177
蕊,1590
种,517862
塌,22631
珑,1105
剐,939
酒,163884
痕,11275
呔,1
苛,3820
浚,961
蓟,599
杞,2025
寡,3833
祢,1
工,1902513
郧,683
番,26633
衬,4400
泯,360
艰,25784
曳,819
磷,2099
瓿,26
檀,1122
七,74601
蜉,24
餍,5
碌,6650
小,905735
锕,8
亘,648
眩,965
谯,124
弹,83404
湃,4082
惜,16985
章,110099
革,402409
迮,1
捱,93
罹,2649
煽,1597
较,255957
戆,8
咕,1700
斟,576
袭,68979
花,276729
攴,1
缸,2792
去,528147
泅,57
鹎,22
遒,217
仙,17429
嫡,364
峥,2617
牦,736
毫,22914
柳,17182
蕴,9692
婶,776
屺,38
痿,104
谅,6052
疔,8
思,222707
宠,10201
颢,423
瘩,802
钪,9
贯,90002
悲,16512
诀,3772
跄,268
筋,7347
蹙,49
险,302303
忸,14
凼,296
雾,23798
漂,15953
鲋,2
骏,5007
喑,21
邓,16570
厕,17523
抟,26
碣,562
匪,5261
戴,30392
康,241667
砸,15261
咻,359
瘼,34
势,306190
毅,24579
幌,1551
呐,2421
青,258835
剔,2448
苟,2498
巡,124892
罢,7018
寥,2880
畦,95
泫,16
蹬,1097
想,385990
绷,2443
顸,17
孺,358
檄,90
脉,24922
鼍,5
锑,245
璐,6358
朝,89856
笥,11
储,50397
谫,1
耳,52235
鸷,18
夹,11218
桃,29773
铐,1403
埒,11
棘,2321
曜,333
糠,300
酩,95
烨,2603
潭,29045
们,1102851
睽,365
覃,1513
戊,608
斛,674
蜜,14855
瞧,1435
否,124617
德,270228
喻,7487
隽,1840
眼,133523
县,451969
蹂,133
葆,5301
绍,219895
啐,9
菟,17
峡,28447
韧,5197
淫,8604
转,393082
毯,4828
婺,684
靼,77
偾,19
谁,33273
殄,26
羌,1846
昝,87
室,180546
钦,5427
贫,259960
中,3409241
鼷,2
锻,12456
仂,6
评,252772
筏,575
佗,451
衙,875
柜,19409
蛲,2
白,175037
郾,17
麋,596
颏,18
冕,2678
萜,15
悟,11051
鸠,450
璧,2589
享,158811
岷,869
琼,8400
赂,6905
揉,1230
腊,14390
镒,91
燕,26164
蛛,2195
楚,59663
捞,9826
忡,1107
姥,2211
铧,407
睦,3379
叩,617
拳,21178
驸,97
茉,979
炔,75
辖,39386
莞,56982
缡,1
庠,40
猩,1666
动,1755863
醪,104
舳,15
阻,34882
禺,7118
摇,25181
苈,6
鳌,4873
嗒,762
饥,2423
狨,40
诮,18
慵,352
筹,92159
哼,634
薇,8740
昆,21306
龋,527
怊,2
岍,2
馏,352
税,239228
世,303977
鼠,8941
尢,1
倪,4019
蚱,91
嶷,259
笸,17
钽,50
滁,746
拉,215524
聊,21941
糍,573
嵌,3420
监,428962
坐,69040
兔,4845
跗,15
湖,277620
蟛,28
蝰,2
腴,128
并,355261
榄,4455
授,120183
弋,643
夏,65381
阑,450
熔,6076
鲢,176
砥,1452
妤,394
厨,23083
邪,4649
茳,6
纶,554
歃,21
规,696049
哒,2196
翠,9312
季,142829
秤,2151
啧,817
穹,768
寸,11874
垅,388
骇,836
肋,2137
碛,238
崞,6
耠,2
谨,14653
伪,18192
爬,13150
嚯,7
砰,305
岳,34673
薹,192
讽,3013
亿,59407
屈,10419
揍,523
乔,12224
睚,6
寝,2563
黟,112
蓣,9
换,124699
楦,104
烫,4842
盯,9176
啮,75
拷,969
葸,17
炀,311
吃,122804
的,13990740
娇,5852
甙,90
疮,2173
失,233223
舷,492
参,383538
雄,55549
姆,25931
恋,22332
苌,32
晏,1753
镙,2
惠,121881
蝥,3
注,318276
獭,172
问,746236
声,186029
嚅,38
井,34609
羟,84
质,445912
个,1666183
猬,298
缴,65076
蒹,25
攸,2155
便,205362
烁,1936
兀,552
盅,353
鹊,1592
拍,114774
滕,2869
哙,25
诧,971
桦,2553
饰,35352
送,222975
阅,53009
瞄,5254
舍,30160
掌,48230
喘,3648
宜,69660
鲞,22
怡,11449
春,226823
氩,56
沾,3458
筇,1
廊,20443
菌,17059
杏,5766
觐,302
浓,38064
返,57762
南,787114
痘,1985
召,122296
铮,1580
胶,16684
摹,907
颇,17531
笆,488
徉,690
芋,1417
紊,2028
椒,10398
化,1367076
粟,3078
萤,572
梧,3420
劫,21371
咯,1088
格,415556
剀,11
病,284526
蝎,444
郗,221
埙,63
畚,12
姝,2509
鳟,119
慢,50919
武,159304
俩,14531
浪,50329
瓯,1019
驰,13645
绳,12917
佾,45
犀,2269
锅,23234
堇,92
脍,514
悌,206
檐,1411
专,514081
沔,113
眙,814
挡,18499
攥,492
讦,96
漩,962
亨,4231
鸳,754
耷,169
铄,388
硇,17
密,131617
手,639295
背,89637
湓,13
静,53553
盘,80379
荡,18913
擤,38
轩,13929
滨,32194
筱,1724
馇,3
薏,231
明,767014
输,95215
枣,6303
榧,106
鲵,425
狁,3
遂,8699
啄,370
绉,91
虎,36835
法,1680040
牖,35
瑚,2110
恢,37507
汪,11815
酬,18370
翳,63
乾,4427
圃,1863
备,328255
耍,8188
谕,273
涔,203
瘙,612
钚,663
砝,443
戡,21
肢,8228
温,171779
侨,50614
倭,206
锯,1949
皮,63481
娱,26548
碲,68
撺,64
贿,38593
睃,1
捋,268
臌,1
敏,60777
孛,59
揠,69
蹩,121
灭,24028
寰,785
巴,154955
喁,29
邃,1004
厅,155883
麇,2
蒋,11760
笊,6
愎,44
窟,3425
患,143189
溧,2142
咫,613
鞭,6097
辽,12836
呀,5850
秉,9637
淑,6421
毕,65927
忝,18
神,276698
浦,22316
歪,4938
陬,55
狯,3
兮,1398
驴,3367
曷,6
泻,3377
蹼,52
锁,40160
璀,1971
犄,94
蜍,141
暌,45
沐,2593
焙,1485
缝,15426
府,469828
挥,159873
讪,960
圭,1835
羲,719
掺,1501
伽,3148
铀,1440
埂,748
繇,13
桓,1060
噗,51
烘,2706
络,202791
荥,350
峰,133415
筵,277
龇,43
墉,655
怎,73527
吖,65
刚,109938
堞,17
澧,1881
鲱,59
陂,3424
磉,10
奈,16080
蹒,464
臣,11921
痫,1456
干,369225
添,30578
轼,430
玄,6068
谑,429
徜,429
颞,153
搡,989
戥,4
栩,1656
锫,2
嘭,56
炮,20017
就,920235
纲,26103
蜷,478
贻,1196
丽,103142
捏,3090
诔,2
块,84700
嵛,52
孟,13366
葡,13574
无,423948
衩,137
恹,64
裾,47
内,883300
鲇,80
缆,5806
安,1105201
蚋,4
挎,1283
侑,31
誓,12476
洒,7767
纛,15
碟,1692
沧,5623
伦,45540
琬,171
媳,8562
破,179502
莹,14226
亻,3
镂,463
濑,416
乐,264761
铗,9
叙,29463
黛,1678
川,145067
食,235729
苣,138
敢,41085
潦,424
烯,3906
卮,3
鹰,9070
霁,875
刃,3297
窈,77
源,462872
醚,157
岜,38
逯,72
玮,3876
弱,51297
架,80624
雀,6780
郄,283
忆,39547
晋,27675
姊,696
裔,20530
呗,1076
幛,16
糜,438
腥,1908
罱,3
课,120833
傅,26292
膏,5589
戎,1405
云,172204
疗,218581
倚,1333
掣,817
涧,1530
垫,11115
钭,34
甬,632
冯,13771
缰,380
害,185027
礴,1637
芹,3016
洼,4940
址,45274
兄,17777
操,61293
滑,44055
佐,5251
棕,1860
癖,741
矫,9187
镬,83
饴,146
旷,2535
荸,82
槿,8041
阁,14467
瞀,1
逅,1393
熄,2499
崇,17709
萍,15572
斌,33608
蠕,404
榔,1361
厘,6165
骞,796
急,148883
吭,465
鄯,101
粲,111
堵,43676
蔷,462
哂,23
运,505642
柠,1323
瑭,63
嗬,22
批,272590
胺,2395
汽,130059
妁,42
待,159652
喉,4666
袋,26193
躏,148
洎,23
窗,49967
外,840448
沣,1386
萨,32752
咳,3430
瘴,629
永,96334
莽,1190
私,77506
魂,12931
翅,4315
幄,385
痉,662
呈,44130
母,145386
赎,2755
懑,208
荒,15250
祖,41477
郛,8
罚,102635
止,151850
杪,4
马,248395
绯,505
陴,1
豸,85
替,29214
切,151068
锉,96
脑,69951
蜕,1878
首,362118
岘,277
龚,5020
猝,2711
订,89180
交,802569
膦,71
鸯,1158
綮,47
玲,24759
耻,3398
寂,4113
黄,150247
片,250819
准,439679
蛔,52
棠,3886
滤,4995
围,221731
墁,25
稂,5
瘊,9
辏,18
戒,31870
算,172176
帚,662
瞟,99
吞,9012
涣,1585
控,235210
妫,59
第,532095
邱,6159
焰,4103
喳,380
芽,7654
磁,9621
绅,1342
惑,15030
硖,70
峙,2087
瑞,47119
跣,4
以,1473148
秫,23
酰,295
割,14177
靴,1170
荼,2745
柿,2057
禀,1673
崃,782
伏,23252
颖,19670
爝,3
钞,6635
校,460645
渥,559
蚪,142
鼯,34
粮,35451
溺,6349
蜿,885
嫂,5492
囊,10779
诌,29
字,179457
坟,5171
衡,54725
槠,11
葩,5391
旨,19348
凰,17550
埴,2
汹,2537
宁,140185
蚓,365
碗,10524
嬖,4
谤,1130
砬,6
爰,12
琴,30101
边,255203
游,544048
怼,37
篁,105
婀,253
镊,139
策,337881
忙,48041
凝,22197
铟,86
胧,732
糯,1956
布,451307
霉,3714
皈,122
缙,548
次,903341
津,71069
薪,32418
夭,1291
阳,281169
舻,20
髀,6
鳄,2421
俎,289
晓,83556
绘,21819
酝,2707
祭,23329
壬,203
勰,22
诶,17
跺,214
蟾,479
龃,79
砂,10638
醇,4064
爆,99262
琊,1405
渎,4191
怒,14539
玛,13513
尚,82151
疟,888
嘞,107
贤,19796
憧,1677
宫,48334
钵,1012
肽,651
孀,252
糅,305
棍,5657
聒,78
癞,69
桢,558
臧,591
扦,64
饬,249
石,155094
轸,23
腼,574
简,99710
弃,44687
儇,13
阉,161
掐,1963
徘,2076
鲚,9
农,392207
模,268821
袢,11
芦,8131
吵,10320
丹,50296
暾,35
觌,2
浏,8914
从,538406
杓,82
套,124957
翘,2790
佣,4581
淤,5056
姬,1801
台,653125
俸,174
恽,142
蛾,565
颃,4
缂,19
宅,46220
冉,3765
猊,9
侍,1293
椎,6328
肓,103
崖,6804
阜,4815
犟,122
谠,15
伢,421
暧,1095
耨,6
岫,121
琰,5962
核,283784
螽,21
昼,2257
局,723326
镆,6
偈,25
乌,28062
铛,497
筚,130
埝,112
煞,929
潢,1054
敦,21494
鹬,123
端,136839
鉴,48506
拿,110427
窄,9028
蔑,743
茕,21
莪,115
弭,505
唱,45102
憾,10494
及,784779
苔,859
呛,1383
赡,2436
泠,242
腩,432
惨,10783
楹,817
诺,67808
臾,218
岁,45387
理,1445263
趋,54447
亍,5
栎,175
尖,25052
霜,5662
玟,841
丢,19833
枧,120
缬,14
钱,185723
田,112346
决,481053
猴,23268
糁,29
鹂,115
先,476705
囝,4
灞,806
解,628544
扪,181
镰,491
蝼,86
揿,10
选,417665
澌,6
斐,3927
骚,8726
氡,81
怩,13
芪,278
席,216964
鬯,5
吱,512
皲,35
蔻,516
睇,139
哆,771
测,181855
藐,196
菔,8
彗,279
秘,64348
矜,238
卟,17
象,248473
淠,25
聩,379
牵,30843
征,153868
钇,13
厉,21830
焊,4005
攒,4103
粗,13837
多,1293347
舨,18
瘰,8
劳,88835
讹,952
翁,7667
塄,35
珉,2245
酊,101
柑,2497
鳗,294
祚,691
嗝,147
信,807103
绫,148
狳,7
遴,4844
泷,273
佶,70
娃,21970
下,1211811
沌,636
悔,13521
笙,905
鸫,37
崭,4798
疲,10282
谷,46540
澶,2
耿,3127
掾,2
鋈,10
蛐,163
打,486354
镝,131
瓜,22333
滠,61
荩,13
拨,34363
困,207098
闲,42479
歹,2837
墅,9214
辋,75
莓,5513
帖,11602
熟,56351
斧,2454
茨,6101
鲭,28
妯,48
邵,11369
蒽,22
彀,14
磅,6299
奄,741
陆,118621
午,241457
惕,9723
哝,33
仡,47
诣,930
晦,740
恪,1826
积,265654
呲,100
混,31107
懿,2833
禄,4951
唇,3552
谍,3405
涌,27206
蘑,1986
析,99204
耕,23805
憔,436
官,248407
颚,147
喜,105043
渡,28912
侠,7883
肪,4276
嘱,9415
贷,107885
溶,4357
蜻,302
潋,151
跌,43524
坛,62828
濠,558
补,175043
铲,4719
灵,51996
橹,134
茂,17724
锎,13
帔,30
芗,200
钣,261
瘤,18769
骧,194
般,75698
疹,3367
场,1164080
崾,38
臁,1
捂,2576
畎,3
筒,14669
拗,578
滟,193
赞,52589
瓣,3041
噤,147
胫,388
扬,76001
愁,10253
颐,4936
缕,2237
枚,10905
涞,306
玢,52
怫,2
是,3390571
薮,78
讲,202893
爷,34695
咸,17801
砻,284
契,25065
磐,960
录,162452
绔,88
教,598223
睥,26
忪,91
荭,70
旮,158
轵,3
广,563743
舂,85
殇,491
踊,3086
攘,1312
辟,13255
岩,27491
茬,1458
锸,3
鬼,8172
尾,33228
胁,29177
框,18083
凋,889
埏,1
飑,111
槛,13586
虚,47730
痣,473
坤,10518
跳,36877
仵,50
潴,52
畸,4298
态,388296
膀,5307
咎,2753
砑,5
馐,104
媒,236879
悖,1690
伟,104084
逡,30
愫,427
纪,336761
术,509471
洳,30
猷,198
邶,1
蕃,236
柄,1721
酋,2851
前,1233757
塑,29585
幕,109214
翔,16805
诜,3
廪,84
卷,37328
驽,18
脂,11009
丈,25857
倌,248
霎,67
尔,239916
颧,131
涵,33776
谴,6540
禽,8357
菁,2566
歆,836
勋,6597
浊,2196
重,1196611
哏,81
廓,1960
酢,17
呤,228
苫,82
恬,987
汴,303
培,179688
癸,49
髻,335
硼,270
持,707938
漉,585
笑,55337
骐,227
妒,884
鲔,11
掖,1011
嘣,67
锥,1004
箦,30
稻,15817
簿,3432
免,163629
孑,144
楝,55
俞,3326
略,207777
铤,922
罩,7717
腭,501
乳,28022
槲,20
赵,38143
偷,35548
饽,1598
屿,5390
榇,4
王,209656
谊,19983
疏,27011
阎,2175
崔,8533
趟,9885
务,1310260
鞣,79
缨,847
悭,33
贴,95274
制,1028077
霸,15369
苁,56
恂,58
友,302604
汊,334
硒,2998
鳕,493
毛,43683
葚,343
占,127656
矣,1453
遢,226
啤,8413
秧,3071
迳,243
浴,9417
囹,294
搅,3091
薄,24936
辈,20539
醌,15
嚎,573
墒,448
抖,3986
圣,25371
大,3076831
窦,1574
鸩,157
挫,6477
粪,3594
支,423026
漳,3443
垸,3201
钺,218
麾,548
旄,3
义,271885
镏,10
展,1524846
仞,123
牡,3788
嫦,1048
峪,2874
佳,73858
具,290904
顽,5974
绾,53
蜂,10920
璋,1324
嘌,291
犏,6
碓,68
依,253261
那,154430
厥,1260
妩,288
枭,1047
谰,11
伲,45
段,281143
熹,895
逸,15496
区,1689933
羽,11216
藁,49
杂,58724
菅,818
仇,5223
浆,5585
觉,153691
煎,3421
蕖,15
泛,52054
荚,271
乜,31
襞,11
面,1165815
继,149668
苯,2146
汰,14257
裳,802
雷,72648
凹,2987
灸,2166
忽,18954
袈,63
鲐,27
徒,39183
笕,52
锡,16176
帧,659
綦,881
箪,31
栳,11
稿,68961
擀,598
聃,115
拄,630
蹇,124
坍,4714
孕,32149
铠,334
左,90206
飨,338
酹,10
婿,3359
谆,719
疋,23
螗,1
醣,6
墩,4569
沱,1759
贰,344
串,13631
点,872987
刺,33688
纽,39867
蓁,475
汆,62
雍,1620
姓,74407
作,2137019
院,910045
卤,1572
觳,2
煸,113
搁,3669
栉,403
撖,4
耙,342
抚,18890
踝,1227
弧,1465
攫,267
振,45902
肮,323
躲,10144
眷,2241
钶,22
徼,3
揄,160
噍,1
屑,2171
婕,1510
恙,882
远,181357
团,468562
峦,778
惮,1045
坷,1136
瓶,26504
皋,2245
褊,6
同,912043
帐,4989
蒗,47
战,433111
垡,225
瘠,641
冥,1918
鲧,3
断,261663
潆,15
诉,276188
像,126046
腚,19
镢,19
饪,3623
胯,157
俱,22856
桴,15
铷,44
叹,13928
黻,2
巽,200
籼,267
蚀,4142
肄,109
甍,7
钌,2
缑,18
颔,36
丛,7666
贝,39205
尧,3289
怯,882
縻,6
醺,417
豇,71
陋,4374
遏,11448
绐,2
奕,7207
苘,1
睡,33969
雠,3
轱,105
呷,192
矶,7207
幻,15801
篾,180
蠊,28
熏,4064
夔,103
辛,23682
眠,14254
傥,59
笨,1479
播,155108
蔬,20203
溱,280
梵,1352
褴,143
嘶,531
犹,10693
债,53379
粽,1084
埋,15518
桊,1
铍,7
减,154713
黑,88047
寓,15201
飕,254
旗,58484
聚,124068
槟,1524
坠,15461
鹦,608
敬,36787
诳,11
闷,7057
怅,354
了,3491380
馔,122
暖,56838
伛,7
悚,1031
谝,124
阡,288
匣,1177
崧,214
约,357271
末,46059
芮,1092
男,187011
隶,2896
邺,2276
荃,497
菘,23
汝,3748
葭,149
拮,928
啷,86
彻,93193
沃,14098
脆,9034
蜊,53
娌,71
氘,60
肛,1172
鲣,2
琨,2572
强,826315
唾,924
见,357729
迅,50496
藉,2607
金,836223
哓,7
獒,943
蕞,162
周,275533
恰,16086
晴,16990
叽,415
椁,227
攉,2
验,318359
隔,33777
瞪,1103
港,189886
莲,18295
稷,339
岸,103986
瘿,1
检,409676
艇,21618
鹏,37908
兑,15022
盔,2530
浙,34678
俚,184
苜,223
铨,594
淮,19206
腱,759
揲,2
婷,20291
偻,229
掇,279
耆,325
膛,682
螟,52
庥,63
缤,1789
咩,130
用,1337220
悱,31
蜴,159
粹,5904
吾,5981
裁,89079
蓉,17112
始,272143
忏,1878
郑,40289
嗓,1827
牒,358
雕,18310
毗,2350
奠,11980
彤,4115
珧,28
觫,2
陪,33519
慰,31911
清,322786
辄,3540
稍,9923
瀑,2431
醐,177
瘕,2
谙,1014
撞,44201
鸥,1512
漯,352
钾,1659
赃,12686
久,84266
荇,35
篌,406
镓,233
菜,99591
僦,1
门,744846
佯,296
泮,696
聱,7
养,260904
绺,80
溃,7254
褂,689
茆,129
鼎,10635
皓,2873
怜,3424
审,292905
稠,1129
垩,113
榭,539
舰,36601
羹,1245
鸸,7
逼,21248
圾,48167
证,463425
仃,322
楂,651
捆,4039
乘,90351
招,163070
赚,19177
绣,9028
烧,44363
器,201318
镪,26
扰,32780
蛳,486
函,12689
灼,2501
铿,1342
有,3113542
颌,1298
冒,41737
钔,1
殖,28345
枞,389
氯,2718
砷,489
庸,7116
爻,252
泄,19958
卑,2912
狐,4953
啕,381
胜,98424
另,49596
雨,208623
嗪,162
濮,700
酽,8
矾,358
舆,39558
匐,278
递,70346
唔,154
莛,20
笠,541
眨,639
梭,4217
抱,34392
撵,328
娶,2978
纹,13728
尺,14724
炽,732
促,120893
桂,30550
蛉,14
摊,19105
佘,670
豚,4042
虞,1659
燧,50
坨,772
诫,6305
路,807252
整,400993
氅,12
趄,59
螈,18
砍,11479
育,529913
骶,118
鲺,3
冼,1202
难,344258
淄,1267
塍,78
剑,26788
珐,399
靓,5905
呕,2480
痔,423
还,637973
恝,2
哪,75643
葵,4058
遽,72
盾,43202
梃,1
暇,2546
希,117148
吐,17702
芟,3
宥,148
隧,7042
舴,2
禹,4495
瞽,16
诅,366
峋,138
滗,9
赖,25502
拟,44129
屠,6245
镦,9
鍪,4
俭,6379
胳,1991
姹,166
埽,1
洁,70016
愉,5507
甑,77
钐,7
垒,7223
猕,2102
褙,10
殚,148
嘧,22
京,539244
樯,40
嚼,2215
爿,19
绌,155
道,915201
单,454775
裘,1072
嗦,490
部,1580669
只,250647
轭,33
呻,397
剿,1375
枇,651
萆,1
唐,35221
阒,3
辗,2678
薛,6040
素,152766
笤,74
傩,775
抵,46859
茴,72
碹,11
倾,31297
摆,38881
黍,959
硎,2
铑,4
秣,263
孤,17620
全,1679500
跫,2
误,57824
数,592816
至,514238
壹,4961
祸,14202
闻,188037
国,3470496
膈,204
龌,162
众,474345
红,268209
洫,1
侬,459
鲶,143
画,105476
骺,52
猿,1085
邾,90
淀,15512
蝇,3916
懈,11504
翌,311
魏,12364
哦,5029
蹭,2616
森,51844
葱,6828
曲,55690
彷,399
项,669937
啻,235
竺,1166
卿,7867
一,4480193
撇,972
脊,6650
锒,198
倔,571
樘,35
搜,37762
肟,24
御,19986
妥,17546
钧,3777
厩,55
爨,12
谬,1504
夺,36194
疽,159
匾,2075
迁,64362
觅,3361
杆,31473
泗,2006
惟,2032
荞,484
竣,6188
酪,1391
晰,19812
对,1504340
穸,2
嗽,2694
椅,14469
袄,717
按,140768
芈,415
隐,65861
焕,8023
娣,770
吧,54741
渫,8
议,624748
戳,3293
媸,33
拈,460
鹋,12
糌,59
坑,15591
盐,26114
兕,9
歙,184
敝,330
罡,336
黠,81
巢,7600
祥,32579
赭,74
噻,228
偿,82332
殃,976
谂,4
文,885426
福,188828
缠,5450
礤,22
助,362313
沭,674
贬,6583
求,569278
装,259251
鳍,348
痧,300
迫,32026
觯,1
杰,46662
哽,1236
栅,2130
咒,2379
萝,6304
鸡,49297
粢,15
唧,135
漫,40755
蒲,3810
宸,1152
激,104659
偕,524
燔,4
他,667804
橙,7387
诘,169
藜,345
物,563923
虱,292
绶,191
驹,968
坻,284
磺,832
璃,19092
沓,2038
且,132928
喙,268
颛,210
宝,170569
麟,6498
怠,3857
氨,2119
售,200855
嬲,9
方,1723137
萸,179
祆,1
觑,1707
迕,2
狗,29018
员,1275408
统,557872
襦,45
郫,681
叭,2384
雯,9000
念,203114
苷,309
摸,23214
橼,45
邀,47089
厂,102754
妆,15851
鲈,258
徊,2284
漕,417
列,244800
错,83664
探,99739
蜥,338
贩,27683
劬,30
户,445804
螺,6978
趾,1073
允,20359
烀,5
糈,1
聋,3520
拌,3510
虏,612
何,302417
滔,1798
留,194331
埚,26
筝,4738
州,645905
来,1815721
蛤,331
浩,27987
俪,823
饱,12804
蕹,17
疃,135
圄,294
憋,1317
萎,4894
涓,595
咙,874
甘,25122
龟,3861
愠,55
讧,176
犭,2
吮,232
碱,3657
娲,197
纵,19799
蔸,64
郁,17078
雅,48893
寇,925
苍,7008
孜,5542
翟,2699
獬,29
罴,8
歼,2336
劂,1
瘅,2
床,51717
戍,524
树,104825
辔,11
北,563443
炖,1811
弟,47479
粞,2
抢,88650
梦,87785
谩,1051
溪,39573
眯,744
钮,2522
蚺,4
魇,205
屉,1576
腋,474
槐,2608
赓,281
僖,50
瑙,745
囚,2906
汩,375
跨,75589
八,131780
仪,77933
坯,1808
瓮,805
惶,1348
使,316310
泾,2218
刀,40062
鄂,9193
各,547143
碇,48
师,381877
褒,1333
邗,228
瘘,299
骛,708
砜,5
鲟,1051
蚣,223
侩,49
圮,10
箱,48331
蘸,545
李,174444
译,16649
仓,27667
噘,9
糟,4852
警,565647
凭,26937
灬,2
铯,123
穰,36
籴,1
猁,21
缉,10404
麈,3
愍,4
肌,12201
貔,59
玖,3131
疚,1895
羞,4544
涪,1294
催,12116
达,496439
十,411136
终,204222
艋,32
泔,90
取,458613
祝,32359
捡,8813
苠,17
矮,2969
平,944988
揶,144
旺,22038
匀,3525
适,137097
弈,4285
挠,3062
亩,23712
炭,16081
暹,321
举,401959
埃,22786
铅,2889
穆,8768
黉,43
胍,32
鹞,68
豪,40880
僭,83
闯,14166
嫱,52
读,153961
楼,181227
琅,2711
龈,852
怍,11
趔,53
阙,559
营,400623
踩,7329
猫,34307
沪,14471
冬,43673
甯,71
宰,6057
缳,4
蒺,11
剁,788
珀,2499
痄,1
勖,269
哚,86
硝,3574
菠,1837
藤,4883
迨,43
卫,215030
遭,87075
目,784723
驱,46805
彳,4
磲,91
虹,15147
衽,10
梓,4016
隗,48
写,106775
鲛,72
骟,18
搠,1
耸,1463
慎,22878
跑,88831
试,276124
盗,50087
镖,1369
竟,48643
赦,2971
铫,4
埭,316
己,371317
穴,6093
恸,195
垂,12092
颈,17219
服,682050
蚌,1171
疖,41
鄙,1001
娟,14810
蔡,19829
枢,21752
丧,15233
润,49255
殪,1
醮,70
莺,1238
啁,23
卅,64
狄,939
鹇,40
奉,20328
艏,74
泐,12
嗖,322
黜,249
蓠,6
苤,12
裨,536
副,277424
燮,360
时,1924645
腹,13856
载,123058
阂,829
斋,2324
掏,7485
焘,475
缜,1355
挤,15628
倮,38
粱,910
脸,36123
溽,14
铁,204392
矗,809
虢,386
闫,3021
园,345062
睬,638
跻,3648
份,250210
潼,3288
诿,1774
馈,21872
民,1522805
互,252581
崛,10417
伧,5
沦,3784
甫,4259
邮,47609
宴,23243
活,702980
酃,89
荏,242
比,523156
桩,9238
卯,717
女,480445
嘀,921
锂,2363
娈,31
茎,907
丐,1500
钗,531
嶝,58
颟,17
映,78363
樨,203
匮,2604
舸,1579
勃,14505
捎,577
近,544132
浒,759
靖,13518
绛,2850
酚,600
拣,1799
车,1191998
郯,80
忱,1115
省,856550
喂,6906
骈,32
妊,2326
蒌,27
躐,1
吗,63210
帛,572
蜡,3128
瘫,7845
咬,11322
稳,152866
膺,1472
设,1020149
充,150284
佑,4147
鳜,118
寞,2481
条,335667
胤,684
俦,8
噫,3
镭,245
饵,1490
枋,35
伐,19910
殓,234
谒,734
龛,397
愤,9915
锬,1
刮,9442
纱,8477
抹,7312
茸,1048
沽,701
贼,6148
雁,7938
郅,216
蓍,1
扎,39217
裕,16605
租,126740
揣,2571
蹦,1682
韫,89
哭,18479
浼,2
瘁,504
咂,157
庆,205294
渑,79
辐,13437
皖,1943
弛,1473
够,143191
焯,748
銮,617
笳,33
鲲,327
蚶,51
肺,15064
椿,1422
婉,5157
旌,607
牙,63600
僚,2770
蟠,669
诨,88
坫,5
狮,12651
孳,468
页,18962
艹,2
佻,83
惺,531
堀,64
合,1285761
溏,64
骗,106294
嶙,141
邛,980
厝,545
侥,3815
渤,2291
箭,24574
崮,116
瞵,2
阴,32134
伺,1581
勇,67864
词,47069
济,559508
烛,3557
剜,32
盟,97672
镞,22
泣,2780
拧,1649
黯,883
灰,21777
铳,220
扼,1435
礁,9810
颀,55
缅,12068
针,87938
朕,81
羚,1191
嘟,1612
褡,14
枪,50186
琳,19806
总,593215
奁,7
组,635876
啉,158
鳘,6
填,26259
酱,5516
味,113660
珲,573
荽,63
弄,12827
率,274256
逆,15221
阊,34
谎,5635
斓,1006
舒,25934
岙,255
醛,3098
劝,21228
猜,10362
椠,19
趣,46955
亥,1893
窭,2
炱,4
油,140608
贸,122507
为,2552993
抽,45768
茼,49
铉,524
俏,2591
扒,4538
嵘,1272
鹚,212
卜,8584
佤,166
闳,88
囵,163
请,198215
浸,8303
臻,2859
码,93809
馀,245
龄,69715
琉,989
昕,4465
嬗,380
土,215825
璞,1097
蠡,212
悦,18020
缯,3
鲮,35
冰,59383
申,137146
垴,92
欷,6
躺,9221
秀,121547
幅,101930
痈,110
柔,13484
牝,4
哞,21
桡,129
迤,229
摩,40627
驭,1999
狲,45
陵,46021
豹,5730
艽,4
射,82478
嘈,776
沏,135
脒,8
颗,19513
徙,2464
钟,89632
氤,246
昨,70201
疵,1936
澹,84
藕,1457
停,198981
非,317637
惧,7421
荦,36
髫,38
硬,55083
叱,284
雳,741
嗵,11
苻,32
恼,7714
蓿,320
骀,8
如,387814
历,233021
眉,12011
隈,79
喊,19353
植,89486
挑,62046
鼙,16
创,774481
吟,2181
败,80881
蜩,6
瘳,1
样,401433
讶,3878
趺,30
鹃,3362
遇,156679
盈,18934
拐,11659
默,29934
郜,161
杩,19
饭,69756
屯,4225
翮,13
轹,2
圈,78537
残,57493
耒,847
馗,102
庙,21453
缘,28628
欠,26257
辣,13616
木,79361
帮,148465
锴,284
髁,41
心,1058278
鳅,354
凇,396
雉,135
湎,81
苑,12119
恒,23920
彘,7
兜,7156
衢,1622
音,155175
畴,4612
潸,263
藿,307
于,1314622
我,634990
窖,2030
逝,11302
梢,1350
谥,34
蘩,2
笫,11
累,62130
政,1335844
居,272220
槌,886
赏,37443
提,925422
蝓,1
嫖,3875
釜,1076
回,426120
橡,2892
诠,5132
跤,1290
嵯,48
绮,1674
坳,1883
泺,135
曾,136087
娄,7675
皇,23048
锆,110
丌,2
蜒,1128
妙,15878
钛,1397
蚧,129
怨,12065
鸬,146
央,272914
疱,642
蘼,14
罂,2073
釉,1226
绗,16
塘,30988
噜,585
酞,35
棣,753
荪,257
忭,9
髯,58
瑰,7545
叵,136
徂,9
骄,6639
焉,1267
邈,269
君,31791
贡,55891
措,162235
论,316772
房,474734
陇,2469
光,252250
烈,86458
位,800664
拔,38798
飘,10660
步,465950
胨,2
镱,33
蝽,4
墙,44431
欤,9
纭,482
鼬,62
锰,1053
嘲,2997
髅,155
桎,459
蓑,140
晒,15341
苕,282
奘,906
痛,55048
坜,159
迷,48799
楸,103
藻,2436
杼,53
咆,220
渍,3647
戕,117
弗,7807
唛,99
阝,7
谡,24
溢,11243
紫,15988
攻,82060
肾,9482
屁,2226
赋,16076
乍,1148
腓,153
污,132322
橥,2
诤,363
恩,42715
嵫,1
鹭,2029
关,1246837
盲,14105
虽,37302
窃,28655
璇,2090
霆,3163
刈,43
梏,477
抓,172901
宙,5858
喝,37580
渠,58166
熵,34
伶,2138
施,528358
萼,104
哇,1186
介,270045
煊,221
蟑,681
糗,127
盛,78777
呜,435
烟,67079
习,347817
赢,56252
缁,11
嶂,413
礅,48
预,269527
垆,57
貌,25379
愕,469
嘛,4660
禚,1
锝,83
借,94621
褥,1048
岬,92
怿,343
绀,135
卉,6914
狈,406
蹋,217
泌,4549
忖,97
高,1342599
姚,10145
铜,18437
裤,11431
捩,22
篮,23521
酵,5772
开,1478178
处,627908
阆,461
匈,1724
逊,9097
咝,18
甜,15331
亡,102479
漠,10133
讣,155
椤,122
挨,6273
皱,1715
霰,152
吲,13
丶,174
蔼,564
摒,1493
存,258699
矛,36116
啜,141
你,195276
豢,53
旧,62058
聪,11041
峭,1314
囱,1174
僵,5546
跷,1764
龀,2
岂,1729
馄,441
嚆,2
怕,45945
碚,1607
缫,34
钲,30
愿,172906
芾,127
魃,10
镇,282586
珈,652
淌,2142
某,439484
懔,11
廖,7826
桥,117336
扩,81295
即,155350
遵,27137
詹,3199
棺,1994
拾,8517
怀,75910
螅,1
嚏,667
馑,14
脖,4403
料,221411
蜚,461
贞,3375
瞥,262
嘤,93
肫,11
蚯,262
攮,4
欲,21787
侵,51569
然,461756
喹,68
眺,1239
宽,53316
盏,2292
摘,18742
话,367937
仟,320
揭,27343
酶,1440
痹,1951
呸,16
萃,2270
掂,604
訇,102
榆,14313
逋,9
匍,220
阏,6
引,334576
戗,45
厢,12253
鲨,1401
循,31059
茭,83
抬,11032
械,29085
溴,123
刷,34091
锹,1019
视,477511
罕,11872
柚,2467
淞,997
秦,22557
嵩,1163
恫,100
景,237802
凶,12941
铸,5388
基,656261
巾,9527
貉,338
频,160573
缔,7953
撙,4
鸪,54
螯,68
足,226206
亵,2860
旃,11
赈,824
俟,87
郡,5101
嗣,639
拭,2300
棱,1020
佴,8
啸,3579
竽,177
謇,247
梆,364
刍,67
霏,549
璎,39
堑,337
窒,1693
帕,8863
劢,9
掬,462
踵,1450
疸,365
恁,59
裆,271
汉,161673
牍,533
双,166901
铎,1041
姐,48072
泞,935
镣,215
绪,27504
杯,35014
闸,9839
固,71477
薅,92
辉,58865
醍,190
咏,3499
库,116740
蔚,6769
删,6292
鄢,418
疥,23
芫,49
蒯,28
町,1425
蹈,14017
坎,7327
结,483215
蝮,59
秽,4694
殆,835
伉,229
瞎,1724
袜,2177
氟,1749
冢,322
钤,53
砧,260
宦,276
悬,17960
贵,77464
霹,463
尿,21636
臂,8742
故,189614
识,300354
筑,97882
揖,173
濞,154
卡,186990
啥,14589
篦,100
彩,121796
扫,34897
胬,60
叶,46388
忾,105
压,134194
喏,12
骑,22446
踞,1360
匠,20761
逢,13279
唤,9925
纩,2
莫,27945
薯,4330
栲,17
父,107128
荀,195
柃,27
酌,1919
噎,365
蛙,2160
獠,74
黩,97
罨,1
惭,469
虮,2
衲,35
泵,4963
盹,475
蜃,125
三,652689
倍,45893
锏,774
皎,369
娑,210
鼓,59458
尕,303
憬,1880
谵,3
扁,4330
摅,1
凌,44584
雎,141
穑,34
寐,843
飒,534
拖,27219
滞,15796
剡,64
饧,8
竦,6
臬,102
诰,77
筻,35
哺,3477
廾,2
搀,1447
莅,1232
栈,3631
咋,5737
鞍,3137
瘌,2
墓,31351
稔,393
东,631953
疡,1180
吠,291
判,168942
芯,10108
鲻,1
徽,46940
社,833331
艄,28
滇,2035
陌,17158
归,69188
违,234521
腮,698
深,466128
轲,1015
毵,2
镶,1678
燹,8
幼,53954
考,356676
殊,43792
肘,2230
氛,32220
躜,4
樟,2856
钠,2465
瀣,101
垢,1136
宪,23857
贱,1459
鄹,16
炸,52985
尻,127
捅,3680
跆,772
诊,92179
野,62768
嫔,317
旖,790
佝,192
啡,11788
遣,10412
矢,2770
鹧,30
篪,2113
扯,6989
郸,2112
类,314760
黼,4
穿,66686
攀,15204
喋,261
隍,558
鲑,116
妓,521
笔,64259
唠,1099
渲,1789
琶,2103
砾,667
珏,1031
偎,329
魔,13491
胙,52
潜,51903
铡,78
忧,32933
票,216273
泱,449
蹲,5622
烹,4680
典,92301
绽,4917
彼,16012
顾,90132
暂,43773
沆,82
锋,43559
炎,26946
少,435541
朗,78036
膘,252
洛,35427
辜,4931
馨,10384
媪,5
谱,15466
殴,12706
鸽,2933
羼,1
摁,913
桉,317
癍,4
郎,12971
蝗,160
赛,301073
拚,37
九,64363
酣,1247
剥,6334
敫,3
仲,29843
说,923118
勺,1821
昀,694
怄,80
馕,198
研,429345
脚,48920
涝,13563
锢,449
箩,330
肯,50723
洲,158073
钷,3
眶,1759
麻,38603
但,27712
詈,10
华,543622
托,109155
距,59850
汜,5
旭,15294
买,205518
靶,2454
阋,10
透,93454
玎,42
弑,253
夕,20667
芘,93
簧,1141
骨,61991
妪,179
撬,4123
犸,244
帻,7
粼,986
歉,18175
觊,281
哌,103
网,952177
著,59380
坡,49477
痢,159
入,916323
翦,62
孩,276368
蓬,10427
息,449757
裴,1876
瑷,34
出,2077127
蚁,4976
最,669257
誉,45020
型,373993
钍,8
宓,104
蘖,35
鸦,3707
螫,15
戮,430
讳,5559
氲,284
岽,130
淇,2567
镌,629
齐,98651
篓,556
饔,1
浜,555
口,528000
煤,40349
巧,24179
艮,187
佰,1008
棵,7336
陶,20790
卸,8457
驾,125035
范,337346
撂,704
溆,765
名,771683
帑,68
鬓,402
粒,10949
堕,1433
莘,1074
椟,33
鞠,2634
紧,166354
度,984978
踱,218
榴,2651
唷,13
晁,183
忐,765
硕,18379
委,913058
惚,707
襟,1806
瓢,855
健,224697
绦,67
述,107153
要,1871964
栀,214
辅,32183
序,130776
堠,11
吨,23364
被,698955
躯,1699
洮,699
挲,83
骷,92
邻,32240
缺,94521
甾,50
血,115793
蹄,3274
拇,2653
磋,5596
经,1366946
遐,863
卒,2061
陔,15
菝,1
闩,31
饶,6241
调,661287
殂,1
樗,4
貘,30
芜,2786
星,175789
颠,8791
客,455277
钨,219
檬,2002
脱,104232
暴,109784
嘿,451
诂,59
仄,383
臆,703
敉,13
蟊,72
嫌,141267
囔,159
桫,64
胰,2012
蛴,3
穷,15152
袁,12534
躅,79
邑,4305
焐,63
蠖,4
沙,201644
碡,11
纥,16
逦,63
璩,37
阪,1703
氮,3335
蕈,14
秋,53701
屎,936
酐,79
祠,4574
黥,1
铩,96
色,369965
顶,66527
锓,1
犒,302
亚,245629
莜,243
期,784509
伯,36312
耱,3
嬷,309
桁,217
俄,65113
胆,17082
蛊,540
富,158898
鳎,1
埔,12954
滚,15865
擞,501
烦,18783
楫,393
诬,1178
筷,2098
壶,4607
建,1328906
睿,9112
超,289304
馍,1800
砌,2040
嚓,331
丘,7487
蜞,46
管,827890
娠,2727
尤,20954
瞩,7488
冽,550
钿,192
立,631182
这,907418
湘,59426
僧,3244
韩,91729
槭,84
轮,106114
幸,63040
概,40415
复,252810
美,567204
栗,2877
戛,1111
肜,1
骠,16
鲤,1436
厦,23854
茱,220
鼹,143
纸,52323
刻,113374
炼,24328
观,306885
浅,10077
杉,8363
勐,817
哔,105
街,162379
毖,512
余,124407
柞,485
鹣,36
坩,20
痪,3656
修,183068
硷,39
侃,4735
貅,96
洄,197
月,298676
宋,22899
颍,362
垓,53
钕,8
优,347901
谚,915
悝,6
粥,4570
崤,16
在,3414871
讫,181
螳,138
庹,106
瘾,6327
资,1012313
蝈,481
镔,50
潘,14002
胝,34
髡,11
筠,788
雩,24
睨,55
拱,3028
驶,111229
烽,1121
兼,42912
堍,14
刑,127305
霓,653
炒,18231
吕,10094
辘,375
挛,740
膜,17155
缣,4
咪,2966
舱,11222
掰,1236
夷,5758
鸹,10
羸,146
医,553479
唿,1
裂,24059
蓊,33
黎,28584
瑕,2345
嗔,100
乙,7890
荛,2
履,57157
噩,1750
浯,86
菰,11
杳,400
祷,1177
畿,656
图,200156
趁,7028
琐,5052
枝,16098
脞,2
鼢,12
锦,29143
倨,37
妹,32926
钻,14712
笺,290
鹌,109
奎,4918
仗,12076
旱,13814
矽,86
噼,301
酾,3
蠃,3
唑,379
瞒,6043
匕,733
渗,9068
搛,3
蚜,44
戟,537
鲠,83
砣,173
骤,8701
撰,7165
茵,2914
帷,7737
吻,6169
刿,6
流,488643
迂,456
菊,7988
哐,103
淖,680
葛,8502
艟,3
孥,1
陧,1
痦,2
蓰,1
恳,3724
苴,64
寺,21543
肉,63855
愈,16770
宏,48243
谖,7
暝,22
鸢,273
窥,2560
亭,14233
讯,377267
膳,3125
赀,9
腈,40
镐,994
俗,36752
裙,4633
杜,31117
姣,1457
煨,148
佬,3235
衮,45
奸,8371
驺,2
坼,15
蜇,873
把,298570
碎,17373
向,629762
挟,2133
咦,38
努,63992
萱,1610
新,1907182
舵,1549
掴,906
匿,5828
汁,9423
忌,5888
风,481184
雒,237
叔,15147
泖,24
荟,2900
屡,13099
绢,469
瓦,31399
辁,1
莉,17361
戈,8566
庋,6
簌,157
鞑,72
瘐,2
劓,3
褚,883
羡,3913
堤,17330
玩,74568
刨,1070
身,452199
芳,31090
鲷,71
缶,16
容,258326
示,789714
喽,431
猾,657
衄,7
绋,1
限,301481
诙,578
橘,4967
嫣,1394
哧,199
柱,26784
蕲,560
懵,1526
饺,3514
呼,67641
企,668735
涂,13458
蒜,4951
稣,196
颤,2568
垦,3353
丫,1429
购,262459
蜱,247
悴,457
嘻,1357
什,163358
蟆,248
捉,6906
臊,302
睑,283
彡,1
奥,112818
湫,138
蛰,705
扳,1768
胴,48
登,138513
铼,106
灿,8206
躁,5356
袅,615
挈,88
律,334388
鲍,2899
邕,167
舞,75253
纡,18
张,282917
碥,19
夤,1
辫,645
莳,21
砺,3195
咽,5023
襄,5083
蓝,54541
竹,30479
顺,103257
啼,1137
丁,25344
沂,4298
鼋,60
洗,49261
望,263079
薜,8
感,336782
龠,5
岢,10
伫,344
谭,9798
枰,51
耵,15
箸,46
圻,80
疼,16552
儿,361394
桅,473
蛆,187
扉,937
籍,73475
铒,7
棚,21829
幡,332
镧,9
剩,31301
跬,193
致,249562
絷,2
延,93930
闼,34
勾,6725
鞅,189
戌,176
辕,1274
渔,31156
疙,772
箝,2
娜,24554
枥,108
涩,2619
鲳,70
徵,231
芷,1401
机,1279418
派,148239
附,90752
惋,1134
泓,1352
蟥,32
晤,7363
汨,1678
班,204210
年,1863099
毽,280
耋,503
羊,38720
谓,43492
殒,324
骜,380
肠,14805
蚤,422
侪,56
犬,11783
碰,23020
蔹,1
撸,293
丿,2
捍,3300
诒,76
仔,16755
孝,17341
董,53394
火,225951
癯,15
米,196768
湿,30803
喃,890
隅,1842
眄,4
宇,43714
芍,287
椐,15
演,233679
逖,28
阚,317
窝,14845
舢,78
沩,301
踪,38860
劭,375
琮,296
庵,1006
获,345168
剂,28591
篇,34803
懋,926
柏,13161
受,602375
铙,57
胡,40815
狭,5095
绵,16440
虺,18
锃,117
尉,1116
丕,827
猗,209
缟,5
欧,107261
鸵,351
净,50604
才,324886
桑,16123
呙,44
拢,4221
哮,1722
捷,46609
诼,4
龉,84
亓,81
气,465881
嘘,2119
锚,1765
斥,9643
謦,3
丨,1065
贪,23804
钯,26
漾,1381
鹈,151
嵊,280
职,391958
滓,114
菡,454
迩,427
偬,13
篱,1815
饲,5903
蕺,6
槽,12853
轾,12
阃,4
萏,9
隘,1013
颜,23942
簟,8
别,386828
炬,3946
启,165802
畅,35059
哄,3502
角,130789
遗,95600
佩,14440
蛸,6
裼,2
俾,257
垃,42436
钅,10
甄,4085
妇,85355
缈,245
皙,297
夜,83809
抡,306
谪,103
岵,17
携,41623
趿,12
婆,31319
届,209779
腌,1452
族,151954
赔,63067
祜,211
苡,88
蓥,428
热,237440
公,1683040
孰,670
嵴,36
曹,16483
葺,459
刁,1407
鞘,533
笛,2786
咚,1126
庞,12581
莠,860
薤,37
辨,11688
逭,1
熬,6362
唯,35802
枸,1125
嗄,1
鳊,51
恍,1306
蛎,254
裒,2
汕,11090
酗,458
噙,143
绞,1708
蝣,50
乩,1
泪,15617
慷,3916
死,146290
庇,3276
融,305434
昌,63572
氐,23
熙,7874
倘,272
羝,1
帜,8286
斡,733
蜢,50
接,542954
账,72261
钫,28
垭,920
缲,2
宵,12637
收,516618
挺,22553
烃,617
坂,1443
织,324381
囗,38
菥,2
桨,1130
短,122941
噬,1404
酮,1706
婴,30594
唁,1025
逃,61319
包,258839
萋,106
憎,391
蠓,1
瘗,15
厚,49473
妞,1442
含,83215
霭,195
悸,1263
哀,7531
祉,6184
浑,5038
痖,5
彝,2747
柢,5
淦,487
牯,137
晷,35
胸,14551
徇,549
颉,360
蚍,4
炙,1840
报,1337757
谦,6486
岱,1642
媵,12
访,220968
栾,727
镀,2062
燃,44676
旋,16097
婊,132
蝌,140
描,22073
赐,1918
乒,6138
黝,539
察,290729
若,37402
遮,8185
葶,11
惹,4687
艺,202400
佼,2593
衾,9
吁,23714
皂,1816
茏,324
褓,197
咖,16254
增,557448
愣,957
瞬,10683
箴,661
踽,65
瑁,85
胎,28551
轧,1648
韬,2836
僮,11
杷,897
瘀,593
醅,23
搌,5
辑,126533
渐,61682
霖,4961
刘,108126
尜,14
褪,1215
邯,1043
献,110395
款,286183
陀,3010
狃,6
遄,7
衔,21205
哗,2541
廛,4
恤,1566
诩,438
翱,606
蝶,5398
腺,9277
嬉,1716
禊,80
掎,2
休,95143
鲜,117158
砟,125
实,1452170
肤,20723
氧,19194
侦,50624
锭,562
纰,262
碴,301
茹,2175
主,1187609
贽,120
沼,1641
睁,2762
煅,58
等,1361735
鹛,26
嵝,23
既,40917
癫,1345
铬,660
灯,60972
叮,5231
已,639778
笈,711
阖,485
通,1042901
粝,60
檩,33
咭,57
醯,1
薷,257
昶,944
樾,204
魈,10
毓,1152
鳝,626
杠,12988
胥,535
啬,401
绱,11
彰,21530
奴,3240
泽,37997
嘁,6
娉,151
脏,23719
丑,8302
缛,254
挣,10619
洧,17
亦,17930
讨,84070
疬,8
鸱,11
羰,4
船,79946
掸,204
铂,886
凄,882
苎,44
俐,1337
桕,43
镗,54
盖,103969
竞,121613
荣,93792
擢,124
赧,38
滦,480
睫,2029
敷,3427
菸,2
馁,413
砀,182
龅,24
亏,18064
膑,60
昔,3576
尘,18821
锞,31
两,559765
斩,5660
钳,1318
放,462619
鹄,295
兆,8951
棋,18825
坊,23359
滏,29
虔,725
囟,6
桠,237
迥,1010
藩,2137
淹,7028
揽,12634
蕾,9926
唉,119
踏,20308
涎,538
排,275101
稗,36
妖,3260
瀛,1104
瘟,497
鄱,846
皴,46
费,605617
沸,4057
押,31289
祁,3695
罅,39
哈,43553
跎,115
慑,9298
遛,1078
陟,151
痞,249
佥,23
懦,403
硫,5177
差,101906
史,184370
恻,128
俺,528
颁,24902
缄,353
钉,7113
侏,324
蚕,2202
朔,1818
溥,266
伤,182075
耦,367
撩,1159
讷,426
膻,127
渺,1412
腐,83395
鳙,14
凛,920
域,354329
楠,8576
竭,6790
孬,82
兰,120013
拽,3555
帅,19463
吉,58422
蔓,7443
抒,2035
庚,5689
真,251774
薨,9
夫,128020
箬,136
弯,13007
唳,90
阵,62547
涸,528
掼,52
髂,77
苒,268
晕,8504
屙,4
绚,2197
瓞,11
赣,5122
荧,2949
惦,888
跸,25
板,141949
稀,13703
栌,44
成,1761691
搔,212
帘,3628
倜,95
霞,22085
殡,8973
缮,4658
隳,9
喵,1357
袷,1
蒿,1448
练,89942
奂,775
陈,123654
啊,22831
行,2406303
低,260706
哟,1100
诡,1185
代,634027
汤,23308
晨,89116
秭,326
塬,1160
酲,2
蝾,12
圉,3
谏,493
澎,3328
砗,62
渣,9923
性,784524
蚨,33
犰,6
锵,1694
悼,5299
峄,109
迎,99893
敕,100
忮,2
桷,395
胼,33
骁,1779
鲅,113
眈,482
袍,4696
芑,2
弘,15893
炝,32
蠢,1753
沥,5534
励,114434
显,291921
毋,1128
告,469973
乎,76805
荐,38646
染,125144
姗,2277
罘,92
叛,3027
郝,3611
煜,2740
嗟,70
俣,97
蛩,2
杨,78079
狱,21036
印,112275
滹,90
豺,43
虾,11227
威,94953
嘉,50755
蜓,542
悒,3
猛,20060
岚,3622
生,2228890
愧,5490
螨,526
现,1398140
圳,232071
疴,567
踹,1784
耽,3649
铊,97
軎,5
扑,13419
竖,3611
镟,17
腧,5
拦,15183
间,851494
楷,3421
迸,1850
捻,165
臼,716
境,381691
醉,15271
辍,2232
渌,198
搐,796
鄞,446
涡,2804
憩,1130
鲫,591
徭,32
喱,460
邳,664
欺,13780
商,745713
半,176937
癜,415
募,27701
池,40018
该,301699
恨,7162
饮,66675
痱,221
赶,76370
柽,34
腾,26656
疆,41995
谋,54047
伍,66498
题,1510961
琛,1863
定,1146027
障,204385
昧,2438
纬,5412
锱,50
犴,4
筅,29
鏊,27
潍,1225
觎,311
救,221914
蟒,1191
捕,52758
鹗,81
坝,20704
衣,72281
旦,44115
揪,2183
铰,140
裸,8221
承,205975
鲁,75790
妃,3970
骅,942
笄,123
圜,102
逞,1260
没,472410
踢,6085
萦,720
航,218011
庭,215859
咱,2932
秃,854
幂,832
魄,3885
呆,8521
淋,7813
削,7030
每,242385
荔,7666
志,249843
飙,5886
叟,166
浠,353
此,506177
慨,10504
续,422396
彬,11522
陲,472
却,105036
棹,29
封,55743
纂,1316
娅,4019
震,86586
犊,502
不,2638665
脓,1180
缗,13
岖,708
媚,2941
亢,1315
认,459140
膨,2797
鸭,8663
疰,2
蠹,224
籁,1089
寄,23832
铆,429
湍,797
裎,3
糖,25228
镛,200
滢,523
擦,13096
壮,30531
闰,395
煳,87
馅,2711
事,1123100
怔,139
娘,25644
疝,966
澡,5460
财,205790
掩,10558
笮,9
甲,35037
况,351506
漶,16
肿,19335
滋,17956
豌,429
虐,7095
拓,44635
联,654638
四,281435
瑜,8265
觥,72
桤,8
菩,919
镲,14
轶,1189
毹,2
弁,15
熊,29528
骘,25
钜,1134
袤,867
芨,70
蔽,7180
撼,6877
释,75193
浍,9
诎,4
村,535632
慕,10199
孙,49656
陛,155
珞,1136
寮,1191
嗲,317
郴,5136
蓼,75
恿,432
缀,1927
它,66025
颅,2605
喇,2828
例,206682
洌,46
朐,159
传,480305
谢,61578
岭,29711
戾,721
层,243081
症,61870
赌,15568
腔,22076
筘,5
铝,6772
畜,8432
嵬,292
驮,262
盱,473
兴,189247
蹶,147
艾,16701
币,98400
鬃,157
皆,9164
炊,1015
檎,3
撒,10086
庖,324
墚,4
办,672618
欣,35147
莨,104
夯,5066
阱,5776
瞰,1649
逵,455
落,343881
於,340
繁,50695
硅,5196
集,470839
又,176723
郊,12419
恕,950
靛,136
狞,160
乡,246346
波,100803
曦,3941
祯,868
哲,18971
海,693168
件,587506
诸,27871
